username,fake_probability,real_probability,total_mentions
MoHFW_INDIA,0.037037037037037035,0.9629629629629629,162.0
DrTedros,0.0,1.0,110.0
ICMRDELHI,0.009708737864077669,0.9902912621359223,103.0
drharshvardhan,0.030927835051546393,0.9690721649484536,97.0
PIB_India,0.0,1.0,83.0
alexismadrigal,0.0,1.0,47.0
PMOIndia,0.18181818181818182,0.8181818181818182,44.0
CDCMMWR,0.0,1.0,34.0
DDNewslive,0.0,1.0,32.0
COVIDNewsByMIB,0.0,1.0,30.0
airnewsalerts,0.0,1.0,30.0
AshwiniKChoubey,0.0,1.0,30.0
WHO,0.21428571428571427,0.7857142857142857,28.0
minhealthnz,0.0,1.0,26.0
CDCDirector,0.04,0.96,25.0
CovidIndiaSeva,0.0,1.0,23.0
Chikwe_I,0.0,1.0,23.0
mygovindia,0.0,1.0,21.0
DrHVoffice,0.0,1.0,20.0
realDonaldTrump,1.0,0.0,18.0
narendramodi,0.8666666666666667,0.13333333333333333,15.0
Surgeon_General,0.0,1.0,12.0
CDCgov,0.0,1.0,10.0
Fmohnigeria,0.0,1.0,10.0
CDCemergency,0.0,1.0,10.0
HHSGov,0.0,1.0,9.0
HMOIndia,0.1111111111111111,0.8888888888888888,9.0
ArvindKejriwal,0.875,0.125,8.0
ProfBhargava,0.0,1.0,7.0
factchecknet,1.0,0.0,7.0
PTFCOVID19,0.0,1.0,6.0
NITIAayog,0.5,0.5,6.0
COVID19Tracking,0.0,1.0,6.0
PTI_News,0.0,1.0,6.0
imperialcollege,0.0,1.0,6.0
PrakashJavdekar,0.0,1.0,6.0
MBuhari,0.0,1.0,5.0
TheAtlantic,0.0,1.0,4.0
WHOAFRO,0.0,1.0,4.0
ANI,0.25,0.75,4.0
NIOSH,0.0,1.0,4.0
MantralayaRoom,0.0,1.0,4.0
gavi,0.0,1.0,4.0
nytimes,0.0,1.0,4.0
CDCtravel,0.0,1.0,4.0
yayitsrob,0.0,1.0,4.0
csogok,1.0,0.0,4.0
JoeBiden,1.0,0.0,4.0
MattHancock,0.5,0.5,4.0
covid19tracking,0.0,1.0,4.0
GovRonDeSantis,0.5,0.5,4.0
NIH,0.0,1.0,3.0
NormanBrennan,1.0,0.0,3.0
RicciGeri,1.0,0.0,3.0
joshtpm,0.0,1.0,3.0
TheLancet,0.0,1.0,3.0
webmd,0.0,1.0,3.0
dgpgujarat,0.0,1.0,3.0
neil_ferguson,0.0,1.0,3.0
NTANewsNow,0.0,1.0,3.0
tony80554056,1.0,0.0,3.0
drjohnwhyte,0.0,1.0,3.0
HSELive,1.0,0.0,3.0
yogrishiramdev,1.0,0.0,3.0
AfricaCDC,0.0,1.0,3.0
DepSecHargan,0.0,1.0,3.0
kissane,0.0,1.0,3.0
DrEOEhanire,0.0,1.0,3.0
VMaledew,1.0,0.0,3.0
justin_hart,0.3333333333333333,0.6666666666666666,3.0
Julie34479,1.0,0.0,3.0
followlasg,0.0,1.0,3.0
DDIndialive,0.0,1.0,3.0
CMOMaharashtra,0.3333333333333333,0.6666666666666666,3.0
couch_maria,1.0,0.0,3.0
KHNews,1.0,0.0,3.0
AlexMahadevan,1.0,0.0,3.0
CMOGuj,0.0,1.0,3.0
boomlivein,1.0,0.0,3.0
drsanjaygupta,1.0,0.0,3.0
ConservVoice,1.0,0.0,3.0
PolitiFactWisc,1.0,0.0,3.0
GavinNewsom,0.0,1.0,3.0
pjpaton,1.0,0.0,3.0
geraintmeysydd,1.0,0.0,3.0
AngieHolan,1.0,0.0,3.0
BiharHealthDept,0.0,1.0,3.0
CEPIvaccines,0.0,1.0,3.0
CSIR_IND,0.3333333333333333,0.6666666666666666,3.0
health,0.0,1.0,3.0
HarvardGH,0.0,1.0,3.0
chinwe_ochu,0.0,1.0,3.0
Smileygirl19683,1.0,0.0,3.0
butchthorne,1.0,0.0,3.0
CNN,0.0,1.0,3.0
roboskis,0.0,1.0,2.0
KayBurley,0.0,1.0,2.0
ABPNews,1.0,0.0,2.0
Viruswatch2021,1.0,0.0,2.0
MamataOfficial,0.0,1.0,2.0
HHS_ASH,1.0,0.0,2.0
piamancini,0.0,1.0,2.0
OfficialDMRC,0.5,0.5,2.0
ICMRDelhi,0.0,1.0,2.0
pplscouncil,0.0,1.0,2.0
aiims_newdelhi,0.5,0.5,2.0
ArthurCaplan,0.0,1.0,2.0
opencollect,0.0,1.0,2.0
UNDP,0.0,1.0,2.0
Dr_Ellie,0.5,0.5,2.0
CDCGlobal,0.0,1.0,2.0
AAI_Official,0.0,1.0,2.0
FaheemYounus,1.0,0.0,2.0
nsitharaman,1.0,0.0,2.0
GregMilamSky,0.0,1.0,2.0
BARDA,0.0,1.0,2.0
PIBMumbai,0.0,1.0,2.0
DrMamora,0.0,1.0,2.0
realdonaldtrump,1.0,0.0,2.0
ScienceMagazine,0.0,1.0,2.0
CarlosdelRio7,0.5,0.5,2.0
LSMOH,0.0,1.0,2.0
contactkdsg,0.0,1.0,2.0
tmccormick,0.0,1.0,2.0
PolitiFactTexas,1.0,0.0,2.0
kmedved,0.0,1.0,2.0
CDC_HIVAIDS,0.0,1.0,2.0
fema,0.0,1.0,2.0
channelstv,0.0,1.0,2.0
icmrnirrh,0.0,1.0,2.0
Tesco,1.0,0.0,2.0
ntnsndr,0.0,1.0,2.0
BSYBJP,1.0,0.0,2.0
James_Gross,0.0,1.0,2.0
VaccineEpi,0.0,1.0,2.0
PeterWa97559477,0.0,1.0,2.0
PolitiFact,1.0,0.0,2.0
ashishskynews,0.0,1.0,2.0
chrismartenson,1.0,0.0,2.0
YouTube,1.0,0.0,2.0
CDCEnvironment,0.0,1.0,2.0
TheSELC,0.0,1.0,2.0
undark,0.0,1.0,2.0
PressSec,1.0,0.0,2.0
midorik0a,0.0,1.0,2.0
aajtak,1.0,0.0,2.0
EllenCutch,1.0,0.0,2.0
SORMAS_open,0.0,1.0,2.0
PIBHomeAffairs,0.0,1.0,2.0
mvankerkhove,1.0,0.0,2.0
DrSamirBhatt,0.0,1.0,2.0
KamalaHarris,1.0,0.0,2.0
AamAadmiParty,1.0,0.0,2.0
MIB_India,0.0,1.0,2.0
bruce_lambert,0.0,1.0,2.0
UNICEF,0.5,0.5,2.0
NCDCgov,0.0,1.0,2.0
WebMD,0.0,1.0,2.0
joncraig,0.0,1.0,2.0
POTUS,1.0,0.0,2.0
MoCA_GoI,0.0,1.0,2.0
moayush,0.5,0.5,2.0
michaelmina_lab,0.5,0.5,2.0
mbdavolt,0.0,1.0,2.0
JustinTrudeau,1.0,0.0,2.0
CMSGov,0.0,1.0,2.0
EU_Commission,0.0,1.0,2.0
KitMalthouse,0.0,1.0,2.0
karaoehler,0.0,1.0,2.0
DrIbram,0.0,1.0,2.0
kitchencone,0.0,1.0,2.0
FatherBob,1.0,0.0,2.0
NateSilver538,0.0,1.0,2.0
daveman19802,1.0,0.0,1.0
JEChalmers,1.0,0.0,1.0
DrJitendraSingh,1.0,0.0,1.0
HedgeyeDJ,1.0,0.0,1.0
pronxt,0.0,1.0,1.0
spavis,0.0,1.0,1.0
BallouxFrancois,1.0,0.0,1.0
HtServadac,1.0,0.0,1.0
JohnKubie,0.0,1.0,1.0
PritiPatel,0.0,1.0,1.0
ICPH_homeless,0.0,1.0,1.0
no2wind,1.0,0.0,1.0
tanuj7sagar,0.0,1.0,1.0
aadajoli,1.0,0.0,1.0
GiniMiniManeMo,0.0,1.0,1.0
HitFMCalabar,0.0,1.0,1.0
GracieLuAnn24,0.0,1.0,1.0
IndiaDST,0.0,1.0,1.0
KHoneyfordStats,0.0,1.0,1.0
OfficialOSGFNG,0.0,1.0,1.0
dpfunke,1.0,0.0,1.0
ColumbiaMed,0.0,1.0,1.0
n3113n,0.0,1.0,1.0
ani_digital,0.0,1.0,1.0
DrNancyM_CDC,0.0,1.0,1.0
OfficialFCTA,0.0,1.0,1.0
readingkafka,1.0,0.0,1.0
butlerrichard2,1.0,0.0,1.0
covidactnow,0.0,1.0,1.0
CNBC,0.0,1.0,1.0
billdmccarthy,1.0,0.0,1.0
Arkancideisreal,1.0,0.0,1.0
MarvinBrite,1.0,0.0,1.0
BankofAmerica,1.0,0.0,1.0
alexharv074,1.0,0.0,1.0
creativ61543336,1.0,0.0,1.0
Greyfoxp,1.0,0.0,1.0
brianbloop2,1.0,0.0,1.0
VinLew,0.0,1.0,1.0
Nigel_Farage,1.0,0.0,1.0
RAshokaBJP,1.0,0.0,1.0
paulreiddublin,1.0,0.0,1.0
FoxInWolfs,1.0,0.0,1.0
tlowdon,0.0,1.0,1.0
TheRock,1.0,0.0,1.0
DawnTJ90,1.0,0.0,1.0
XpressBengaluru,1.0,0.0,1.0
antonioguterres,0.0,1.0,1.0
NigeriaFELTP,0.0,1.0,1.0
AAMCtoday,1.0,0.0,1.0
jessnielsen55,0.0,1.0,1.0
SRileyIDD,0.0,1.0,1.0
dgm415,1.0,0.0,1.0
MathGuy_7,1.0,0.0,1.0
AIT_Online,0.0,1.0,1.0
FraserNelson,0.0,1.0,1.0
FoxNewsSunday,1.0,0.0,1.0
TejinderSsodhi,1.0,0.0,1.0
UNDICTION,0.0,1.0,1.0
CECCgov,0.0,1.0,1.0
WorldHealthOrg2,1.0,0.0,1.0
BrknMan,1.0,0.0,1.0
JoshFrydenberg,1.0,0.0,1.0
samarjeet_n,1.0,0.0,1.0
ariellesophia,0.0,1.0,1.0
Ryan_Mac_Phd,0.0,1.0,1.0
DrOz,1.0,0.0,1.0
ptp335,1.0,0.0,1.0
VP,1.0,0.0,1.0
ProfKarolSikora,0.0,1.0,1.0
ArvinderSoin,1.0,0.0,1.0
jimdtweet,1.0,0.0,1.0
SCClemons,0.0,1.0,1.0
emmawehipeihana,0.0,1.0,1.0
IHSTowers,0.0,1.0,1.0
Homer4K,1.0,0.0,1.0
Jabalpursafety,1.0,0.0,1.0
kff,0.0,1.0,1.0
WFP,0.0,1.0,1.0
Perchbicester,1.0,0.0,1.0
HealthyFla,0.0,1.0,1.0
David19531501,1.0,0.0,1.0
BBMPCOMM,1.0,0.0,1.0
MobilePunch,0.0,1.0,1.0
DeborahZinger,0.0,1.0,1.0
ACOSS,1.0,0.0,1.0
Fauntleroy1934,1.0,0.0,1.0
VinGuptaMD,0.0,1.0,1.0
BJP4Karnataka,1.0,0.0,1.0
Vic_Rollison,1.0,0.0,1.0
jsolomonReports,1.0,0.0,1.0
Cybertiiger,0.0,1.0,1.0
lolageek,0.0,1.0,1.0
MhfwGoUP,0.0,1.0,1.0
ZacBissonnette,1.0,0.0,1.0
Chris_Fairchild,0.0,1.0,1.0
houstonchron,0.0,1.0,1.0
RickLeventhal,1.0,0.0,1.0
abledoc,1.0,0.0,1.0
Mike_Hixenbaugh,0.0,1.0,1.0
IDPH,0.0,1.0,1.0
jacindaardern,0.0,1.0,1.0
jdmaresco,0.0,1.0,1.0
colstee,1.0,0.0,1.0
rajesha_rao,1.0,0.0,1.0
ashoswai,1.0,0.0,1.0
GovtOfImoState,0.0,1.0,1.0
kid_alabama,1.0,0.0,1.0
Tejasvi_Surya,1.0,0.0,1.0
kmccready,0.0,1.0,1.0
Osprey0,1.0,0.0,1.0
AmTrehan,1.0,0.0,1.0
NigeriaGov,0.0,1.0,1.0
raffi,0.0,1.0,1.0
kdhauck,0.0,1.0,1.0
DrJudyAMikovits,1.0,0.0,1.0
viv_cooper,1.0,0.0,1.0
JoeWasserman,0.0,1.0,1.0
OdoyleCharlotte,0.0,1.0,1.0
RushhourP,1.0,0.0,1.0
CarlHan30554840,0.0,1.0,1.0
LifeSciHiggins,0.0,1.0,1.0
USCDCNIGERIA,0.0,1.0,1.0
RebeccaDayMEN,1.0,0.0,1.0
kryzia_marie,1.0,0.0,1.0
CDC_NCEZID,0.0,1.0,1.0
Chancine,1.0,0.0,1.0
NVGovernment,0.0,1.0,1.0
Keir_Starmer,0.0,1.0,1.0
SenateDems,1.0,0.0,1.0
danwootton,1.0,0.0,1.0
VICE,0.0,1.0,1.0
NagaTrooper,1.0,0.0,1.0
cmohry,0.0,1.0,1.0
AmerMedicalAssn,0.0,1.0,1.0
ChaddyStacksDFS,1.0,0.0,1.0
Canada,0.0,1.0,1.0
WhatTheBit,1.0,0.0,1.0
NastySurf,0.0,1.0,1.0
ScottMorrisonMP,1.0,0.0,1.0
Robbiedocs,1.0,0.0,1.0
DWildemuth,0.0,1.0,1.0
TheJohnAbraham,1.0,0.0,1.0
SecAzar,0.0,1.0,1.0
Yahoo,1.0,0.0,1.0
Bananenrijperij,1.0,0.0,1.0
DHSWI,0.0,1.0,1.0
GrahameMorris,0.0,1.0,1.0
dw2essex,1.0,0.0,1.0
TheFreds,1.0,0.0,1.0
Aball001Andrea,1.0,0.0,1.0
talkRADIO,1.0,0.0,1.0
brikeilarcnn,1.0,0.0,1.0
DHSCgovuk,0.0,1.0,1.0
RanaAyyub,1.0,0.0,1.0
ThirdEyeBlind9,0.0,1.0,1.0
dandiemann,0.0,1.0,1.0
PhillyInquirer,1.0,0.0,1.0
ProjectLincoln,1.0,0.0,1.0
alanlcit,0.0,1.0,1.0
Dardedar,1.0,0.0,1.0
KamathGurudutt,1.0,0.0,1.0
HuntsonMark,1.0,0.0,1.0
CarlsbadCharlie,1.0,0.0,1.0
TomFitton,1.0,0.0,1.0
ISMMSKidney,1.0,0.0,1.0
InfoInterest,0.0,1.0,1.0
cyborgnot,0.0,1.0,1.0
RobGooders,1.0,0.0,1.0
Gazza41,1.0,0.0,1.0
hellochante,0.0,1.0,1.0
BellaDonaModels,1.0,0.0,1.0
JennyMikakos,1.0,0.0,1.0
chrislhayes,0.0,1.0,1.0
OfficialAITlive,0.0,1.0,1.0
theicai,1.0,0.0,1.0
thehill,0.0,1.0,1.0
Rovi_IR,0.0,1.0,1.0
RenukaJain6,1.0,0.0,1.0
Dharmen46587056,1.0,0.0,1.0
twang0518,0.0,1.0,1.0
robertcecil1608,1.0,0.0,1.0
rmack2x,1.0,0.0,1.0
brittajewell,0.0,1.0,1.0
drjohnm,0.0,1.0,1.0
Sir_Tom_Tucker,1.0,0.0,1.0
DunsanyJack,1.0,0.0,1.0
ZeeNews,1.0,0.0,1.0
NigEducation,0.0,1.0,1.0
erwillia,0.0,1.0,1.0
BiocomCA,1.0,0.0,1.0
GaonConnection,0.0,1.0,1.0
iammisstrees,1.0,0.0,1.0
WHOSEARO,0.0,1.0,1.0
ikaveri,1.0,0.0,1.0
Google,0.0,1.0,1.0
madhukishwar,1.0,0.0,1.0
BanCheneProduct,0.0,1.0,1.0
jdeely,0.0,1.0,1.0
IasAlok,1.0,0.0,1.0
LynnRahn1,1.0,0.0,1.0
globalnews,1.0,0.0,1.0
propublica,0.0,1.0,1.0
archillect,1.0,0.0,1.0
ElsieIlorifor,0.0,1.0,1.0
daftrucker1,1.0,0.0,1.0
IndINDIANARMY,1.0,0.0,1.0
chesh,0.0,1.0,1.0
XanderArmstrong,1.0,0.0,1.0
MENnewsdesk,1.0,0.0,1.0
jburnmurdoch,1.0,0.0,1.0
SoapItUpHard,1.0,0.0,1.0
msisodia,0.0,1.0,1.0
Robertsfinkle,1.0,0.0,1.0
wvumediacollege,1.0,0.0,1.0
DanielTobias_,1.0,0.0,1.0
anjan1588,0.0,1.0,1.0
ONS,0.0,1.0,1.0
creatiwit,0.0,1.0,1.0
BepDelta,1.0,0.0,1.0
MarkedByCovid,1.0,0.0,1.0
Munchbunch87,1.0,0.0,1.0
William05548637,1.0,0.0,1.0
Squeakydog1,1.0,0.0,1.0
RidgeOnSunday,0.0,1.0,1.0
CSp911,0.0,1.0,1.0
usponline,0.0,1.0,1.0
DailyNeb,0.0,1.0,1.0
edinburghuni,1.0,0.0,1.0
RaviKundurthi,0.0,1.0,1.0
NYTimes,1.0,0.0,1.0
GladysB,1.0,0.0,1.0
GHS,0.0,1.0,1.0
mla_sudhakar,1.0,0.0,1.0
bkum2000,1.0,0.0,1.0
rashlessdoctor,1.0,0.0,1.0
DeccanHerald,1.0,0.0,1.0
TheDailyMao,1.0,0.0,1.0
BT_India,0.0,1.0,1.0
CovidActNow,0.0,1.0,1.0
Co_Immunity_,1.0,0.0,1.0
vijayrupanibjp,1.0,0.0,1.0
tripleGGGx,1.0,0.0,1.0
pommylee,0.0,1.0,1.0
ianuragthakur,0.0,1.0,1.0
JamesTodaroMD,1.0,0.0,1.0
ndmaindia,0.0,1.0,1.0
RobertBuckland,0.0,1.0,1.0
Mumbaiyb,1.0,0.0,1.0
Appalachia100,1.0,0.0,1.0
IBergwiesel,1.0,0.0,1.0
RijpeW,1.0,0.0,1.0
KagAshley,1.0,0.0,1.0
DrJlieberman,0.0,1.0,1.0
ShaneJa16905901,1.0,0.0,1.0
80WebbSt,0.0,1.0,1.0
thinks_about_it,1.0,0.0,1.0
DelegateStewart,0.0,1.0,1.0
GovLarryHogan,0.0,1.0,1.0
OfficeofUT,0.0,1.0,1.0
SaleyhaAhsan,0.0,1.0,1.0
daniel_sierra81,0.0,1.0,1.0
GovParsonMO,0.0,1.0,1.0
DFID_UK,0.0,1.0,1.0
agniveer,1.0,0.0,1.0
susan04071,1.0,0.0,1.0
DHSgov,0.0,1.0,1.0
Whitwyatt,0.0,1.0,1.0
CDC_TB,0.0,1.0,1.0
PMOInd,0.0,1.0,1.0
thatAmartya,1.0,0.0,1.0
WndlB,0.0,1.0,1.0
JackWestMD,0.0,1.0,1.0
KevinlyFather,1.0,0.0,1.0
SeptAteNeuf,0.0,1.0,1.0
Independent,1.0,0.0,1.0
BloombergQuint,0.0,1.0,1.0
anjanaomkashyap,1.0,0.0,1.0
ProfAkinAbayomi,0.0,1.0,1.0
NFIDvaccines,0.0,1.0,1.0
KarluskaP,1.0,0.0,1.0
Davidmetroland,1.0,0.0,1.0
kenpomeroy,0.0,1.0,1.0
MedBennett,1.0,0.0,1.0
PathogenScribe,1.0,0.0,1.0
shriduttrao,0.0,1.0,1.0
chrisgregson123,1.0,0.0,1.0
branderzy,1.0,0.0,1.0
JamesDSteinberg,1.0,0.0,1.0
Medscape,0.0,1.0,1.0
IngrahamAngle,1.0,0.0,1.0
CDCInjury,0.0,1.0,1.0
RustyAway,1.0,0.0,1.0
USATODAY,0.0,1.0,1.0
malarianomoreuk,0.0,1.0,1.0
jacobselisabeth,0.0,1.0,1.0
robreiner,1.0,0.0,1.0
zack,0.0,1.0,1.0
drdavidsamadi,1.0,0.0,1.0
ZubyMusic,1.0,0.0,1.0
pratimbose,0.0,1.0,1.0
jesus_jimz,0.0,1.0,1.0
CDCFlu,0.0,1.0,1.0
ReportersLab,1.0,0.0,1.0
lesamitchell,0.0,1.0,1.0
Begentle50,1.0,0.0,1.0
alexkx3,1.0,0.0,1.0
TVCconnect,0.0,1.0,1.0
TheCyberDagger,1.0,0.0,1.0
skynewsmichelle,0.0,1.0,1.0
friddlecopper,1.0,0.0,1.0
ssfarouk,1.0,0.0,1.0
DougBurgum,0.0,1.0,1.0
CanadianCorrup1,1.0,0.0,1.0
nataleedesotell,0.0,1.0,1.0
Georgetown,0.0,1.0,1.0
markwh2001,1.0,0.0,1.0
StateDept,0.0,1.0,1.0
amazon,1.0,0.0,1.0
Github,0.0,1.0,1.0
JamesBl04750891,1.0,0.0,1.0
dralisanders,0.0,1.0,1.0
MartinDaubney,1.0,0.0,1.0
CD,0.0,1.0,1.0
NetizenParo,1.0,0.0,1.0
zev_dr,1.0,0.0,1.0
AbbottNews,1.0,0.0,1.0
UNICEFIndia,0.0,1.0,1.0
MBIEgovtnz,0.0,1.0,1.0
CheeseNBranston,1.0,0.0,1.0
MattAdkin,1.0,0.0,1.0
RemaNagarajan,0.0,1.0,1.0
kylegriffin1,1.0,0.0,1.0
ajdlinux,0.0,1.0,1.0
Wh,0.0,1.0,1.0
IsabelOakeshott,1.0,0.0,1.0
NPR,0.0,1.0,1.0
trvrb,0.0,1.0,1.0
Chrisleenders1,1.0,0.0,1.0
DBTIndia,0.0,1.0,1.0
MoH,0.0,1.0,1.0
_devBhatt,0.0,1.0,1.0
IndianEmbTokyo,0.0,1.0,1.0
ElDano91633751,1.0,0.0,1.0
MumbaiPolice,0.0,1.0,1.0
giles7452,1.0,0.0,1.0
danielleiwood,1.0,0.0,1.0
FamiliaFeeling,0.0,1.0,1.0
GunaRockYa,0.0,1.0,1.0
GovSisolak,0.0,1.0,1.0
JohnsHopkinsEPI,0.0,1.0,1.0
RachelReevesMP,0.0,1.0,1.0
nature,0.0,1.0,1.0
Snikwah37,0.0,1.0,1.0
ClimateKids2,0.0,1.0,1.0
Imperial_EM,0.0,1.0,1.0
UPGovt,0.0,1.0,1.0
DailyInterLake,0.0,1.0,1.0
US_FDA,0.0,1.0,1.0
afewpoints,1.0,0.0,1.0
1000Frolly,1.0,0.0,1.0
ARISEtv,0.0,1.0,1.0
CMOfficeUP,1.0,0.0,1.0
jhuber,1.0,0.0,1.0
WAPFLondon,1.0,0.0,1.0
australian,1.0,0.0,1.0
WADeptHealth,0.0,1.0,1.0
MrDelvan,0.0,1.0,1.0
CDCHeart_Stroke,0.0,1.0,1.0
MinistryWCD,0.0,1.0,1.0
G,0.0,1.0,1.0
paulmromer,1.0,0.0,1.0
TheDisproof,1.0,0.0,1.0
CedarCourtHotel,1.0,0.0,1.0
edpilkington,1.0,0.0,1.0
dbaerwald1,0.0,1.0,1.0
cuttingforstone,0.0,1.0,1.0
NickAPalmer,1.0,0.0,1.0
PolitiFactNC,1.0,0.0,1.0
colleenkraftmd,0.0,1.0,1.0
covid19nccc,0.0,1.0,1.0
BillHanage,0.0,1.0,1.0
novakglobal,1.0,0.0,1.0
sabrina_bia3,1.0,0.0,1.0
BANigeria,0.0,1.0,1.0
KytheAntiComguy,1.0,0.0,1.0
dpkpillay12,1.0,0.0,1.0
questdiag,0.0,1.0,1.0
riktheozfrog,1.0,0.0,1.0
uni_maid,0.0,1.0,1.0
PaulPauwaert,0.0,1.0,1.0
FeynmanFreaky,1.0,0.0,1.0
Covid19Crusher,1.0,0.0,1.0
IrishEurophile,1.0,0.0,1.0
UNinIndia,0.0,1.0,1.0
TheRealStoryPlz,0.0,1.0,1.0
ricksheatcool,1.0,0.0,1.0
DrCCostelloe,0.0,1.0,1.0
fireAnd_Bloodd,1.0,0.0,1.0
anusharavi10,1.0,0.0,1.0
LeeHurstComic,1.0,0.0,1.0
eu_echo,0.0,1.0,1.0
FOX5Atlanta,0.0,1.0,1.0
scaramangi,0.0,1.0,1.0
JamieHartley10,1.0,0.0,1.0
wionews,1.0,0.0,1.0
RepAndyBiggsAZ,1.0,0.0,1.0
Jag11814459,1.0,0.0,1.0
cnbcafrica,0.0,1.0,1.0
IFAD,0.0,1.0,1.0
MikeDel21893959,1.0,0.0,1.0
ReckedRik,1.0,0.0,1.0
ImDanThompson,1.0,0.0,1.0
madavidj,0.0,1.0,1.0
BiomedJ,1.0,0.0,1.0
morris1_k,1.0,0.0,1.0
SexCounseling,1.0,0.0,1.0
OmarKelly,1.0,0.0,1.0
OxfordEVCharger,1.0,0.0,1.0
BroomeInWelly,0.0,1.0,1.0
mcuban,1.0,0.0,1.0
gretchenwhitmer,1.0,0.0,1.0
latimeralder,1.0,0.0,1.0
EricTopol,0.0,1.0,1.0
Rick_at_WSNZ,0.0,1.0,1.0
garner_forest,1.0,0.0,1.0
Ravenrider2020,1.0,0.0,1.0
DaveZuckermanVT,1.0,0.0,1.0
youyanggu,0.0,1.0,1.0
MoHFW_INDI,0.0,1.0,1.0
IcahnMountSinai,1.0,0.0,1.0
tamazonx,1.0,0.0,1.0
GTG46338929,0.0,1.0,1.0
cnni,1.0,0.0,1.0
tatahealth,1.0,0.0,1.0
SteveFDA,1.0,0.0,1.0
mara_kont,0.0,1.0,1.0
freenationtoday,1.0,0.0,1.0
BaileInis,1.0,0.0,1.0
KCTaz,1.0,0.0,1.0
robinmonotti,1.0,0.0,1.0
ERSpublications,0.0,1.0,1.0
rosnovsky,0.0,1.0,1.0
foxandfriends,0.0,1.0,1.0
adammccu,1.0,0.0,1.0
BharatBiotech,1.0,0.0,1.0
PTAMOM7,1.0,0.0,1.0
pantherman45,0.0,1.0,1.0
DamienHamilto17,1.0,0.0,1.0
AlikoDangoteFdn,0.0,1.0,1.0
CebmOxford,0.0,1.0,1.0
charliekirk11,1.0,0.0,1.0
RoyPentland,1.0,0.0,1.0
Cernovich,1.0,0.0,1.0
veryvirology,1.0,0.0,1.0
DeepalTrevedie,1.0,0.0,1.0
shaskell12,0.0,1.0,1.0
DOMSinaiNYC,1.0,0.0,1.0
krisparag1,0.0,1.0,1.0
SJforKids,0.0,1.0,1.0
hopkinsCDHS,0.0,1.0,1.0
The_Leaver,1.0,0.0,1.0
CNNnews18,0.0,1.0,1.0
MKEhealth,0.0,1.0,1.0
PNouvellet,0.0,1.0,1.0
4523I5,0.0,1.0,1.0
steven_reaney,1.0,0.0,1.0
mohit0175,0.0,1.0,1.0
mexiwi,0.0,1.0,1.0
KDHE,0.0,1.0,1.0
thephichick,0.0,1.0,1.0
SuzanneEvans1,1.0,0.0,1.0
twt2abhi,0.0,1.0,1.0
chitraaum,1.0,0.0,1.0
tangerinelaw,0.0,1.0,1.0
KNSMOH,0.0,1.0,1.0
AsxGold,0.0,1.0,1.0
JohnKin17583856,0.0,1.0,1.0
CaptShaktiLumba,1.0,0.0,1.0
DrTomFrieden,1.0,0.0,1.0
David_Vaporium,1.0,0.0,1.0
MMMHappiness1,1.0,0.0,1.0
ndgov,0.0,1.0,1.0
WhiteHouse,0.0,1.0,1.0
yatezy84,1.0,0.0,1.0
ricci_sergienko,0.0,1.0,1.0
UNICEFmedia,1.0,0.0,1.0
asantos24,1.0,0.0,1.0
Mahesh10816,1.0,0.0,1.0
VeuveK,1.0,0.0,1.0
cjtjgeol,1.0,0.0,1.0
shondagarrison,0.0,1.0,1.0
D_Roopa_IPS,1.0,0.0,1.0
ywoga,0.0,1.0,1.0
Edele_Bear,1.0,0.0,1.0
beeodune,0.0,1.0,1.0
WhatsApp,1.0,0.0,1.0
barcodenz,0.0,1.0,1.0
careeningspace,0.0,1.0,1.0
cdc,0.0,1.0,1.0
modiji,1.0,0.0,1.0
SpeakerPelosi,1.0,0.0,1.0
VetSree,0.0,1.0,1.0
nypost,1.0,0.0,1.0
AnnaGConnell,0.0,1.0,1.0
BorisJohnson,1.0,0.0,1.0
shevanthi_n,0.0,1.0,1.0
the_fauxy,1.0,0.0,1.0
Narvuntien,1.0,0.0,1.0
covid19oyo_eoc,0.0,1.0,1.0
heymanitshayden,0.0,1.0,1.0
OsmosisMed,0.0,1.0,1.0
India,0.0,1.0,1.0
globuleaks,1.0,0.0,1.0
andrewlawrence,1.0,0.0,1.0
BreakfastNews,1.0,0.0,1.0
Godblsmnymkr,0.0,1.0,1.0
ASlavitt,1.0,0.0,1.0
rspathania,1.0,0.0,1.0
ashishkjha,1.0,0.0,1.0
AndySpecht,1.0,0.0,1.0
WHOPhilippines,0.0,1.0,1.0
Macid3000,1.0,0.0,1.0
bendepear,0.0,1.0,1.0
khaleeSYD_,1.0,0.0,1.0
salaambaalakngo,1.0,0.0,1.0
LBGoodnessGrows,1.0,0.0,1.0
Roblev0,1.0,0.0,1.0
seanmdav,1.0,0.0,1.0
AdamJKucharski,0.0,1.0,1.0
mandilovell,0.0,1.0,1.0
kusa_weir,1.0,0.0,1.0
Microsoft,0.0,1.0,1.0
GovPhilScott,1.0,0.0,1.0
luvhopecourage,0.0,1.0,1.0
AlistairHaimes,0.0,1.0,1.0
ABCWorldNews,1.0,0.0,1.0
indSupremeCourt,1.0,0.0,1.0
MadMorr,1.0,0.0,1.0
Imperial_JIDEA,0.0,1.0,1.0
IndiainGuyana,0.0,1.0,1.0
InconvenientTr5,1.0,0.0,1.0
swintersections,0.0,1.0,1.0
WeVotedToLeave,1.0,0.0,1.0
leo,0.0,1.0,1.0
lowerthetemp,0.0,1.0,1.0
ImTheRealDMac,0.0,1.0,1.0
ltgrusselhonore,1.0,0.0,1.0
fccologne4eva,1.0,0.0,1.0
PaprikaLady,1.0,0.0,1.0
arielbogle,1.0,0.0,1.0
RapidTests,1.0,0.0,1.0
NEJM,0.0,1.0,1.0
MsKateMcD,0.0,1.0,1.0
peterverhaar,1.0,0.0,1.0
NMHheartdoc,0.0,1.0,1.0
DMiliband,0.0,1.0,1.0
P,0.0,1.0,1.0
hackingdata,0.0,1.0,1.0
kunfaaya,1.0,0.0,1.0
thereal_truther,1.0,0.0,1.0
CCSImpact,0.0,1.0,1.0
Data4BlackLives,0.0,1.0,1.0
KenyaPhysicians,1.0,0.0,1.0
DavidGSmith18,1.0,0.0,1.0
SaketGokhale,0.0,1.0,1.0
jimcramer,1.0,0.0,1.0
BenFordham,1.0,0.0,1.0
lsunder1,1.0,0.0,1.0
mindedmusically,1.0,0.0,1.0
StormSignalSA,1.0,0.0,1.0
GentlemanGeorge,1.0,0.0,1.0
g0leary,0.0,1.0,1.0
coronams,0.0,1.0,1.0
DRDO_India,0.0,1.0,1.0
vonderleyen,0.0,1.0,1.0
sreesub,0.0,1.0,1.0
sangeeta0312,0.0,1.0,1.0
johnpavlovitz,1.0,0.0,1.0
ScottGottliebMD,0.0,1.0,1.0
iaspankajpandey,1.0,0.0,1.0
i_am_adunnii,0.0,1.0,1.0
Over400ppm,1.0,0.0,1.0
RandPaul,1.0,0.0,1.0
RGlobalism,0.0,1.0,1.0
MoHFW_,0.0,1.0,1.0
grahamscooke,0.0,1.0,1.0
ICMR,0.0,1.0,1.0
JohnRya13591294,1.0,0.0,1.0
UniofOxford,0.0,1.0,1.0
AyushmanHWCs,0.0,1.0,1.0
AriFleischer,1.0,0.0,1.0
KarinaClaudiob,0.0,1.0,1.0
apple,0.0,1.0,1.0
dribram,0.0,1.0,1.0
Afrs1077Fm,0.0,1.0,1.0
mybmc,0.0,1.0,1.0
angie_rasmussen,1.0,0.0,1.0
weare_spartan,1.0,0.0,1.0
PeterJ_Walker,0.0,1.0,1.0
MountsinaiRMTI,1.0,0.0,1.0
BrigCM123,1.0,0.0,1.0
chrisgulli,0.0,1.0,1.0
Univcordoba,1.0,0.0,1.0
benzorn,0.0,1.0,1.0
pawan90311,0.0,1.0,1.0
GovNedLamont,0.0,1.0,1.0
DelibroLawrence,1.0,0.0,1.0
ProfSushmaGupta,1.0,0.0,1.0
CTrevettNZH,0.0,1.0,1.0
Mac_Paddy54,1.0,0.0,1.0
garysaintdooley,0.0,1.0,1.0
statnews,0.0,1.0,1.0
acmadotgov,1.0,0.0,1.0
sadhvipragya_mp,1.0,0.0,1.0
flaxter,0.0,1.0,1.0
MaxCRoser,0.0,1.0,1.0
NBPAustralia,1.0,0.0,1.0
kiwibardy,0.0,1.0,1.0
jsssms,0.0,1.0,1.0
FAO,0.0,1.0,1.0
AJEnglish,1.0,0.0,1.0
SoukyaOfficial,1.0,0.0,1.0
BeowulfSchaefer,1.0,0.0,1.0
myyogiadityanath,0.0,1.0,1.0
MarshaBlackburn,1.0,0.0,1.0
indiatv,1.0,0.0,1.0
myjourneymyself,1.0,0.0,1.0
YaakovNahmias,0.0,1.0,1.0
free67847229,1.0,0.0,1.0
GovWhitmer,1.0,0.0,1.0
DovMichaeli,1.0,0.0,1.0
ndtv,1.0,0.0,1.0
LastWordWilliam,0.0,1.0,1.0
ElsieIlori,0.0,1.0,1.0
Noahpinion,0.0,1.0,1.0
jrwyke,1.0,0.0,1.0
DHFWKA,1.0,0.0,1.0
OutOfTheDarkAge,1.0,0.0,1.0
SenatorKapenga,1.0,0.0,1.0
childrensphila,0.0,1.0,1.0
DigDougFTW,1.0,0.0,1.0
DeplorableDebRN,1.0,0.0,1.0
AmySherman1,1.0,0.0,1.0
anak2422anak,0.0,1.0,1.0
Barbarajdurkin,1.0,0.0,1.0
AEI,0.0,1.0,1.0
JBalsich,1.0,0.0,1.0
RanuDhillon,1.0,0.0,1.0
JohnsHopkins,0.0,1.0,1.0
AntiracismCtr,0.0,1.0,1.0
harvardmed,1.0,0.0,1.0
MsRightMsRight,1.0,0.0,1.0
WGRZ,1.0,0.0,1.0
TQMKA,1.0,0.0,1.0
htdelhi,0.0,1.0,1.0
CDC_eHealth,0.0,1.0,1.0
BBCNews,1.0,0.0,1.0
UNReliefChief,0.0,1.0,1.0
nealkhosla,1.0,0.0,1.0
nighealthwatch,0.0,1.0,1.0
jeremy_hume,1.0,0.0,1.0
Ratnaprabha_IAS,1.0,0.0,1.0
DrMikeRyan,0.0,1.0,1.0
AlaMerQld,1.0,0.0,1.0
HealthwireMedia,0.0,1.0,1.0
IvankaTrump,1.0,0.0,1.0
CollectorJamngr,1.0,0.0,1.0
aidanisagirl,0.0,1.0,1.0
cassandragoldie,1.0,0.0,1.0
susankilfoy,1.0,0.0,1.0
RuddsBunny,1.0,0.0,1.0
ClareAdams,1.0,0.0,1.0
RealDonaldTrump,1.0,0.0,1.0
ConceptualJames,1.0,0.0,1.0
BrianStryker,0.0,1.0,1.0
CT_Bergstrom,1.0,0.0,1.0
Aintropy,0.0,1.0,1.0
JuddLegum,0.0,1.0,1.0
C4ETech,1.0,0.0,1.0
pabloperguz,0.0,1.0,1.0
BBMP_MAYOR,1.0,0.0,1.0
wacotrib,0.0,1.0,1.0
Lord_Loredo,0.0,1.0,1.0
CBSNews,0.0,1.0,1.0
SwannyQLD,1.0,0.0,1.0
dr_sourabhkp,1.0,0.0,1.0
backtothebeach2,0.0,1.0,1.0
PeterZeihan,0.0,1.0,1.0
JohnAbrahamCLUB,1.0,0.0,1.0
ESMO,0.0,1.0,1.0
kevinfurr,0.0,1.0,1.0
cathyby,1.0,0.0,1.0
QandA,1.0,0.0,1.0
resiguru,1.0,0.0,1.0
YorkshireBri,1.0,0.0,1.0
TuckerCarlson,1.0,0.0,1.0
wordpressdotcom,1.0,0.0,1.0
PiaBizLaw,0.0,1.0,1.0
drashwathcn,1.0,0.0,1.0
econstandard,1.0,0.0,1.0
jordan_zino,0.0,1.0,1.0
mediawise,1.0,0.0,1.0
Teddysmom1,1.0,0.0,1.0
chicagosmayor,1.0,0.0,1.0
literaryeric,1.0,0.0,1.0
JMC_Starbug,1.0,0.0,1.0
